Repository;Commits chunk start;Commits chunk end;# of microservices detected;# of microservices;False negatives;False positives
EdwinVW.pitstop;2;26;9;7;;2
EdwinVW.pitstop;27;44;9;7;;2
EdwinVW.pitstop;45;50;11;7;;4
EdwinVW.pitstop;51;51;11;7;;4
EdwinVW.pitstop;52;74;11;7;;4
EdwinVW.pitstop;75;115;10;7;;3
EdwinVW.pitstop;116;281;9;7;;2
EdwinVW.pitstop;282;303;9;7;;2
EdwinVW.pitstop;304;346;9;7;;2
EdwinVW.pitstop;347;397;9;7;;2
FudanSELab.train-ticket;192;224;41;40;;1
FudanSELab.train-ticket;225;287;41;40;;1
FudanSELab.train-ticket;288;300;41;40;;1
FudanSELab.train-ticket;301;308;41;40;;1
FudanSELab.train-ticket;309;312;42;40;;2
FudanSELab.train-ticket;313;319;42;40;;2
FudanSELab.train-ticket;320;322;42;44;4;2
FudanSELab.train-ticket;323;323;42;44;4;2
ewolff.microservice;84;111;6;3;;3
ewolff.microservice;112;140;6;3;;3
mcroservices-patterns.ftgo-application;2;6;7;6;;1
mcroservices-patterns.ftgo-application;7;9;7;6;;1
mcroservices-patterns.ftgo-application;10;21;7;6;;1
mcroservices-patterns.ftgo-application;22;22;7;6;;1
mcroservices-patterns.ftgo-application;23;24;7;6;;1
mcroservices-patterns.ftgo-application;25;29;7;6;;1
mcroservices-patterns.ftgo-application;30;30;7;6;;1
mcroservices-patterns.ftgo-application;31;44;7;6;;1
mcroservices-patterns.ftgo-application;45;48;7;6;;1
mcroservices-patterns.ftgo-application;49;54;7;6;;1
mcroservices-patterns.ftgo-application;55;58;8;6;;2
mcroservices-patterns.ftgo-application;59;59;8;6;;2
mcroservices-patterns.ftgo-application;60;61;8;6;;2
mcroservices-patterns.ftgo-application;62;63;8;6;;2
mcroservices-patterns.ftgo-application;64;72;8;6;;2
mcroservices-patterns.ftgo-application;73;73;8;6;;2
mcroservices-patterns.ftgo-application;74;84;9;6;;3
mcroservices-patterns.ftgo-application;85;85;8;6;;2
mcroservices-patterns.ftgo-application;86;87;9;6;;3
mcroservices-patterns.ftgo-application;88;94;9;6;;3
mcroservices-patterns.ftgo-application;95;98;9;6;;3
mcroservices-patterns.ftgo-application;99;101;9;6;;3
mcroservices-patterns.ftgo-application;102;103;9;6;;3
mcroservices-patterns.ftgo-application;104;104;9;6;;3
mcroservices-patterns.ftgo-application;105;107;9;6;;3
mcroservices-patterns.ftgo-application;108;113;9;6;;3
mcroservices-patterns.ftgo-application;114;114;9;6;;3
mcroservices-patterns.ftgo-application;115;117;9;6;;3
mcroservices-patterns.ftgo-application;118;118;9;6;;3
mcroservices-patterns.ftgo-application;119;120;9;6;;3
mcroservices-patterns.ftgo-application;121;122;9;6;;3
mcroservices-patterns.ftgo-application;123;123;9;6;;3
mcroservices-patterns.ftgo-application;124;133;9;6;;3
mcroservices-patterns.ftgo-application;134;134;9;6;;3
mcroservices-patterns.ftgo-application;135;145;9;6;;3
mcroservices-patterns.ftgo-application;146;146;9;6;;3
mcroservices-patterns.ftgo-application;147;148;9;6;;3
mcroservices-patterns.ftgo-application;149;149;9;6;;3
mcroservices-patterns.ftgo-application;150;158;9;6;;3
mcroservices-patterns.ftgo-application;159;159;9;6;;3
mcroservices-patterns.ftgo-application;160;161;9;6;;3
mcroservices-patterns.ftgo-application;162;165;9;6;;3
mcroservices-patterns.ftgo-application;166;166;9;6;;3
mcroservices-patterns.ftgo-application;167;167;9;6;;3
mcroservices-patterns.ftgo-application;168;179;10;6;;4
mcroservices-patterns.ftgo-application;180;180;11;6;;5
mcroservices-patterns.ftgo-application;181;181;10;6;;4
mcroservices-patterns.ftgo-application;182;182;10;6;;4
mcroservices-patterns.ftgo-application;183;186;9;6;;3
mcroservices-patterns.ftgo-application;187;188;10;6;;4
mcroservices-patterns.ftgo-application;189;190;9;6;;3
mcroservices-patterns.ftgo-application;191;191;9;6;;3
mcroservices-patterns.ftgo-application;192;194;9;6;;3
mcroservices-patterns.ftgo-application;195;203;10;6;;4
mcroservices-patterns.ftgo-application;204;207;9;6;;3
mcroservices-patterns.ftgo-application;208;234;10;6;;4
mcroservices-patterns.ftgo-application;235;235;9;6;;3
mcroservices-patterns.ftgo-application;236;236;10;6;;4
mcroservices-patterns.ftgo-application;237;247;10;6;;4
mcroservices-patterns.ftgo-application;248;251;9;6;;3
mcroservices-patterns.ftgo-application;252;255;9;6;;3
mcroservices-patterns.ftgo-application;256;261;9;6;;3
mcroservices-patterns.ftgo-application;262;266;10;6;;4
mcroservices-patterns.ftgo-application;267;267;9;6;;3
mcroservices-patterns.ftgo-application;268;272;10;6;;4
mcroservices-patterns.ftgo-application;273;289;10;6;;4
mcroservices-patterns.ftgo-application;290;295;9;6;;3
spring-petclinic.spring-petclinic-microservices;527;529;7;3;;4
spring-petclinic.spring-petclinic-microservices;530;530;6;3;;3
spring-petclinic.spring-petclinic-microservices;531;533;7;3;;4
spring-petclinic.spring-petclinic-microservices;539;549;7;3;;4
spring-petclinic.spring-petclinic-microservices;550;552;8;3;;5
spring-petclinic.spring-petclinic-microservices;553;554;7;3;;4
spring-petclinic.spring-petclinic-microservices;555;573;8;3;;5
spring-petclinic.spring-petclinic-microservices;574;602;0;3;3;
spring-petclinic.spring-petclinic-microservices;603;615;0;3;3;
spring-petclinic.spring-petclinic-microservices;616;622;0;3;3;
spring-petclinic.spring-petclinic-microservices;623;623;0;3;3;
spring-petclinic.spring-petclinic-microservices;624;625;0;3;3;
spring-petclinic.spring-petclinic-microservices;626;629;0;3;3;
spring-petclinic.spring-petclinic-microservices;630;644;1;3;3;1
spring-petclinic.spring-petclinic-microservices;645;646;1;3;3;1
spring-petclinic.spring-petclinic-microservices;647;651;1;3;3;1
spring-petclinic.spring-petclinic-microservices;652;656;1;3;3;1
spring-petclinic.spring-petclinic-microservices;657;657;1;3;3;1
spring-petclinic.spring-petclinic-microservices;658;672;1;3;3;1
spring-petclinic.spring-petclinic-microservices;673;727;1;3;3;1
sqshq.PiggyMetrics;125;154;8;4;;4
sqshq.PiggyMetrics;155;251;9;4;;5
sqshq.PiggyMetrics;252;257;10;4;;6
sqshq.PiggyMetrics;258;258;9;4;;5
sqshq.PiggyMetrics;259;290;10;4;;6
1-Platform.one-platform;33;169;1;1;;
1-Platform.one-platform;170;183;4;4;;
1-Platform.one-platform;184;248;4;4;;
1-Platform.one-platform;249;338;5;5;;
1-Platform.one-platform;339;374;7;6;;1
1-Platform.one-platform;375;431;6;5;;1
1-Platform.one-platform;432;601;5;4;;1
1-Platform.one-platform;602;602;6;5;;1
1-Platform.one-platform;603;796;6;5;;1
1-Platform.one-platform;797;804;6;5;;1
1-Platform.one-platform;805;898;6;5;;1
1-Platform.one-platform;899;924;6;5;;1
1-Platform.one-platform;925;984;7;6;;1
1-Platform.one-platform;985;996;8;6;;2
1-Platform.one-platform;997;1033;8;6;;2
1-Platform.one-platform;1034;1043;9;7;;2
1-Platform.one-platform;1044;1125;9;7;;2
1-Platform.one-platform;1126;1274;9;7;;2
1-Platform.one-platform;1275;1326;9;7;;2
1-Platform.one-platform;1327;1509;10;8;;2
OpenCodeFoundation.eSchool;5;6;1;1;;
OpenCodeFoundation.eSchool;7;31;1;2;1;
OpenCodeFoundation.eSchool;32;76;2;2;;
OpenCodeFoundation.eSchool;77;110;3;2;;1
OpenCodeFoundation.eSchool;111;123;3;2;;1
OpenCodeFoundation.eSchool;124;133;2;1;;1
OpenCodeFoundation.eSchool;134;134;2;1;;1
OpenCodeFoundation.eSchool;135;163;3;2;;1
OpenCodeFoundation.eSchool;164;175;3;2;;1
OpenCodeFoundation.eSchool;176;181;2;1;;1
OpenCodeFoundation.eSchool;182;184;3;1;;2
OpenCodeFoundation.eSchool;185;239;4;1;;3
OpenCodeFoundation.eSchool;240;265;5;5;3;3
OpenCodeFoundation.eSchool;266;275;8;5;;3
OpenLiberty.liberty-bikes;461;487;4;3;;1
OpenLiberty.liberty-bikes;488;529;4;4;1;1
OpenLiberty.liberty-bikes;530;591;4;3;;1
ThoreauZZ.spring-cloud-example;9;14;4;2;1;3
ThoreauZZ.spring-cloud-example;16;23;5;2;;3
ThoreauZZ.spring-cloud-example;24;24;5;2;;3
ThoreauZZ.spring-cloud-example;25;41;6;2;;4
ThoreauZZ.spring-cloud-example;42;42;6;2;;4
ThoreauZZ.spring-cloud-example;43;52;7;2;;5
ThoreauZZ.spring-cloud-example;53;53;7;2;;5
ThoreauZZ.spring-cloud-example;54;59;7;2;;5
ThoreauZZ.spring-cloud-example;60;61;7;2;;5
ThoreauZZ.spring-cloud-example;62;64;7;2;;5
ThoreauZZ.spring-cloud-example;65;69;7;2;;5
ThoreauZZ.spring-cloud-example;70;70;7;3;1;5
ThoreauZZ.spring-cloud-example;71;77;8;3;;5
ThoreauZZ.spring-cloud-example;78;85;9;3;;6
ThoreauZZ.spring-cloud-example;86;90;8;3;;5
ThoreauZZ.spring-cloud-example;91;128;9;3;;6
ThoreauZZ.spring-cloud-example;129;132;9;3;;6
ThoreauZZ.spring-cloud-example;133;133;10;3;;7
ThoreauZZ.spring-cloud-example;134;134;9;3;;6
ThoreauZZ.spring-cloud-example;135;139;10;3;;7
ThoreauZZ.spring-cloud-example;140;142;9;3;;6
ThoreauZZ.spring-cloud-example;143;150;9;3;;6
ThoreauZZ.spring-cloud-example;151;154;10;3;;7
ThoreauZZ.spring-cloud-example;155;155;10;3;;7
ThoreauZZ.spring-cloud-example;156;157;10;3;;7
ThoreauZZ.spring-cloud-example;158;174;10;3;;7
ThoreauZZ.spring-cloud-example;175;175;10;3;;7
ThoreauZZ.spring-cloud-example;176;184;10;3;;7
ThoreauZZ.spring-cloud-example;185;254;10;3;;7
ThoreauZZ.spring-cloud-example;255;279;10;3;;7
abpframework.eShopOnAbp;4;4;2;2;;
abpframework.eShopOnAbp;744;744;1;1;;
abpframework.eShopOnAbp;747;747;1;1;;
abpframework.eShopOnAbp;807;807;1;1;;
abpframework.eShopOnAbp;834;834;1;1;;
abpframework.eShopOnAbp;849;849;1;1;;
abpframework.eShopOnAbp;850;851;3;3;;
abpframework.eShopOnAbp;854;854;3;3;;
abpframework.eShopOnAbp;856;862;3;3;;
abpframework.eShopOnAbp;863;867;8;7;;1
abpframework.eShopOnAbp;868;871;11;6;;5
abpframework.eShopOnAbp;872;874;3;3;;
abpframework.eShopOnAbp;875;883;11;6;;5
abpframework.eShopOnAbp;884;885;3;3;;
abpframework.eShopOnAbp;886;908;11;6;;5
abpframework.eShopOnAbp;909;909;11;6;;5
abpframework.eShopOnAbp;910;910;11;6;;5
abpframework.eShopOnAbp;911;911;11;6;;5
abpframework.eShopOnAbp;912;915;11;6;;5
abpframework.eShopOnAbp;916;916;11;6;;5
abpframework.eShopOnAbp;917;917;11;6;;5
abpframework.eShopOnAbp;918;918;11;6;;5
abpframework.eShopOnAbp;919;921;11;6;;5
abpframework.eShopOnAbp;922;923;11;6;;5
abpframework.eShopOnAbp;924;1040;11;6;;5
abpframework.eShopOnAbp;1041;1041;11;6;;5
abpframework.eShopOnAbp;1042;1051;11;6;;5
abpframework.eShopOnAbp;1052;1066;11;6;;5
abpframework.eShopOnAbp;1067;1067;12;7;;5
abpframework.eShopOnAbp;1068;1079;12;7;;5
abpframework.eShopOnAbp;1080;1081;11;6;;5
abpframework.eShopOnAbp;1082;1082;12;7;;5
abpframework.eShopOnAbp;1083;1092;11;6;;5
abpframework.eShopOnAbp;1093;1093;12;7;;5
abpframework.eShopOnAbp;1094;1098;11;6;;5
abpframework.eShopOnAbp;1099;1101;12;7;;5
abpframework.eShopOnAbp;1102;1102;11;6;;5
abpframework.eShopOnAbp;1103;1103;11;6;;5
abpframework.eShopOnAbp;1104;1139;11;6;;5
abpframework.eShopOnAbp;1140;1170;12;7;;5
abpframework.eShopOnAbp;1171;1173;11;6;;5
abpframework.eShopOnAbp;1174;1176;12;7;;5
abpframework.eShopOnAbp;1177;1177;11;6;;5
abpframework.eShopOnAbp;1178;1213;12;7;;5
abpframework.eShopOnAbp;1214;1223;11;6;;5
abpframework.eShopOnAbp;1224;1277;12;7;;5
abpframework.eShopOnAbp;1278;1319;12;7;;5
aliyun.alibabacloud-microservice-demo;16;23;2;2;1;1
aliyun.alibabacloud-microservice-demo;24;24;2;2;1;1
aliyun.alibabacloud-microservice-demo;25;110;3;2;;1
aliyun.alibabacloud-microservice-demo;111;111;3;2;;1
aliyun.alibabacloud-microservice-demo;112;113;4;9;6;1
aliyun.alibabacloud-microservice-demo;114;115;4;9;6;1
aliyun.alibabacloud-microservice-demo;116;118;3;2;;1
aliyun.alibabacloud-microservice-demo;119;130;4;9;6;1
aliyun.alibabacloud-microservice-demo;131;131;3;2;;1
aliyun.alibabacloud-microservice-demo;132;132;4;9;6;1
aliyun.alibabacloud-microservice-demo;133;147;5;9;6;2
aliyun.alibabacloud-microservice-demo;148;159;5;9;6;2
aliyun.alibabacloud-microservice-demo;160;422;5;9;6;2
asc-lab.micronaut-microservices-poc;103;116;7;5;;2
asc-lab.micronaut-microservices-poc;117;123;7;6;1;2
asc-lab.micronaut-microservices-poc;124;129;1;6;5;
asc-lab.micronaut-microservices-poc;130;162;8;6;;2
asc-lab.micronaut-microservices-poc;163;192;8;7;1;2
asc-lab.micronaut-microservices-poc;193;203;9;7;;2
asc-lab.micronaut-microservices-poc;204;219;10;8;;2
asc-lab.micronaut-microservices-poc;220;292;10;8;;2
asc-lab.micronaut-microservices-poc;293;296;10;9;1;2
asc-lab.micronaut-microservices-poc;297;297;10;8;;2
asc-lab.micronaut-microservices-poc;298;302;10;9;1;2
asc-lab.micronaut-microservices-poc;303;384;11;9;;2
geoserver.geoserver-cloud;3;3;0;0;;
geoserver.geoserver-cloud;4;4;1;0;;1
geoserver.geoserver-cloud;5;6;2;0;;2
geoserver.geoserver-cloud;7;7;2;1;1;2
geoserver.geoserver-cloud;8;10;3;2;1;2
geoserver.geoserver-cloud;11;11;4;2;;2
geoserver.geoserver-cloud;12;12;5;3;;2
geoserver.geoserver-cloud;13;14;5;3;;2
geoserver.geoserver-cloud;15;22;6;4;;2
geoserver.geoserver-cloud;23;24;6;4;;2
geoserver.geoserver-cloud;25;29;6;5;;1
geoserver.geoserver-cloud;30;32;6;5;;1
geoserver.geoserver-cloud;33;44;7;5;;2
geoserver.geoserver-cloud;45;54;8;5;;3
geoserver.geoserver-cloud;55;63;8;5;;3
geoserver.geoserver-cloud;64;72;8;6;1;3
geoserver.geoserver-cloud;73;141;7;5;1;3
geoserver.geoserver-cloud;142;145;7;5;1;3
geoserver.geoserver-cloud;146;146;7;5;1;3
geoserver.geoserver-cloud;147;243;7;5;1;3
geoserver.geoserver-cloud;244;249;8;6;1;3
geoserver.geoserver-cloud;250;250;7;5;1;3
geoserver.geoserver-cloud;251;316;8;6;1;3
geoserver.geoserver-cloud;317;331;8;6;1;3
geoserver.geoserver-cloud;332;354;8;6;1;3
geoserver.geoserver-cloud;355;363;8;6;1;3
geoserver.geoserver-cloud;364;452;8;6;1;3
geoserver.geoserver-cloud;453;454;7;6;1;2
geoserver.geoserver-cloud;455;464;8;6;1;3
geoserver.geoserver-cloud;465;475;8;6;1;3
geoserver.geoserver-cloud;476;480;8;6;2;4
geoserver.geoserver-cloud;481;555;8;6;1;3
geoserver.geoserver-cloud;556;662;9;7;1;3
geoserver.geoserver-cloud;663;733;9;7;1;3
geoserver.geoserver-cloud;734;754;10;7;;3
geoserver.geoserver-cloud;755;912;9;6;;3
geoserver.geoserver-cloud;913;966;9;6;;3
geoserver.geoserver-cloud;967;976;9;6;;3
geoserver.geoserver-cloud;977;1129;10;7;;3
geoserver.geoserver-cloud;1130;1201;10;7;;3
geoserver.geoserver-cloud;1202;1282;10;7;;3
instana.robot-shop;1;5;6;4;;2
instana.robot-shop;6;14;6;4;;2
instana.robot-shop;15;16;7;5;;2
instana.robot-shop;17;17;7;5;;2
instana.robot-shop;18;35;8;6;;2
instana.robot-shop;36;56;8;6;;2
instana.robot-shop;57;114;8;6;;2
instana.robot-shop;115;336;9;7;;2
instana.robot-shop;337;337;9;7;;2
instana.robot-shop;338;338;9;7;;2
instana.robot-shop;339;339;9;7;;2
instana.robot-shop;340;377;9;7;;2
jvalue.ods;48;49;2;3;1;
jvalue.ods;50;53;3;4;1;
jvalue.ods;54;59;4;4;;
jvalue.ods;60;137;5;4;;1
jvalue.ods;138;151;6;4;;2
jvalue.ods;152;193;6;4;;2
jvalue.ods;194;221;6;4;;2
jvalue.ods;222;222;6;4;;2
jvalue.ods;223;274;6;4;;2
jvalue.ods;275;275;6;4;;2
jvalue.ods;276;278;6;4;;2
jvalue.ods;279;279;6;4;;2
jvalue.ods;280;283;6;4;;2
jvalue.ods;284;284;6;4;;2
jvalue.ods;285;288;6;4;;2
jvalue.ods;289;455;6;4;;2
jvalue.ods;456;464;6;4;;2
jvalue.ods;465;465;6;4;;2
jvalue.ods;466;467;6;4;;2
jvalue.ods;468;489;6;4;;2
jvalue.ods;490;541;6;4;;2
jvalue.ods;542;637;6;4;;2
jvalue.ods;638;655;6;4;;2
jvalue.ods;656;657;6;4;;2
jvalue.ods;658;670;6;4;;2
jvalue.ods;671;671;6;4;;2
jvalue.ods;672;693;6;4;;2
jvalue.ods;694;695;7;5;;2
jvalue.ods;696;703;6;4;;2
jvalue.ods;704;709;7;5;;2
jvalue.ods;710;714;7;5;;2
jvalue.ods;715;731;6;4;;2
jvalue.ods;732;864;7;5;;2
jvalue.ods;865;866;7;5;;2
jvalue.ods;867;868;7;5;;2
jvalue.ods;869;869;7;5;;2
jvalue.ods;870;871;7;5;;2
jvalue.ods;872;872;7;5;;2
jvalue.ods;873;883;7;5;;2
jvalue.ods;884;886;7;5;;2
jvalue.ods;887;887;7;5;;2
jvalue.ods;888;888;7;5;;2
jvalue.ods;889;893;8;5;;3
jvalue.ods;894;894;7;5;;2
jvalue.ods;895;904;8;5;;3
jvalue.ods;905;915;7;5;;2
jvalue.ods;916;921;8;5;;3
jvalue.ods;922;922;8;5;;3
jvalue.ods;923;936;8;5;;3
jvalue.ods;937;941;7;5;;2
jvalue.ods;942;943;8;5;;3
jvalue.ods;944;995;7;5;;2
jvalue.ods;996;1027;8;5;;3
jvalue.ods;1028;1040;8;5;;3
jvalue.ods;1041;1042;7;4;;3
jvalue.ods;1043;1044;8;5;;3
jvalue.ods;1045;1045;7;4;;3
jvalue.ods;1046;1046;8;5;;3
jvalue.ods;1047;1119;7;4;;3
jvalue.ods;1120;1125;6;4;;2
jvalue.ods;1126;1128;7;4;;3
jvalue.ods;1129;1129;6;4;;2
jvalue.ods;1131;1138;6;4;;2
jvalue.ods;1139;1141;7;4;;3
jvalue.ods;1142;1142;6;4;;2
jvalue.ods;1143;1154;7;4;;3
jvalue.ods;1155;1156;6;4;;2
jvalue.ods;1157;1157;7;4;;3
jvalue.ods;1158;1158;6;4;;2
jvalue.ods;1159;1170;7;4;;3
jvalue.ods;1171;1245;6;4;;2
jvalue.ods;1246;1295;6;4;;2
jvalue.ods;1296;1296;6;4;;2
jvalue.ods;1297;1298;6;4;;2
jvalue.ods;1299;1362;6;4;;2
jvalue.ods;1363;1367;6;4;;2
jvalue.ods;1368;1379;6;4;;2
jvalue.ods;1380;1389;6;4;;2
jvalue.ods;1390;1402;6;4;;2
jvalue.ods;1403;1406;6;4;;2
jvalue.ods;1407;1414;6;4;;2
jvalue.ods;1415;1428;6;4;;2
learningOrchestra.mlToolKits;28;28;2;1;;1
learningOrchestra.mlToolKits;29;29;2;1;;1
learningOrchestra.mlToolKits;30;50;1;1;;
learningOrchestra.mlToolKits;51;51;1;1;;
learningOrchestra.mlToolKits;52;52;1;1;;
learningOrchestra.mlToolKits;53;56;1;1;;
learningOrchestra.mlToolKits;57;57;1;1;;
learningOrchestra.mlToolKits;58;63;1;1;;
learningOrchestra.mlToolKits;64;67;1;1;;
learningOrchestra.mlToolKits;68;72;1;1;;
learningOrchestra.mlToolKits;73;75;1;1;;
learningOrchestra.mlToolKits;77;81;1;1;;
learningOrchestra.mlToolKits;82;83;1;1;;
learningOrchestra.mlToolKits;84;88;1;1;;
learningOrchestra.mlToolKits;89;90;1;1;;
learningOrchestra.mlToolKits;91;94;1;1;;
learningOrchestra.mlToolKits;95;105;1;1;;
learningOrchestra.mlToolKits;106;114;2;1;;1
learningOrchestra.mlToolKits;115;115;1;1;;
learningOrchestra.mlToolKits;116;177;2;1;;1
learningOrchestra.mlToolKits;178;179;2;1;;1
learningOrchestra.mlToolKits;180;180;2;1;;1
learningOrchestra.mlToolKits;181;181;2;1;;1
learningOrchestra.mlToolKits;182;182;2;0;;2
learningOrchestra.mlToolKits;183;186;2;1;;1
learningOrchestra.mlToolKits;187;304;3;2;;1
learningOrchestra.mlToolKits;305;311;3;2;;1
learningOrchestra.mlToolKits;312;315;4;3;;1
learningOrchestra.mlToolKits;316;319;4;3;;1
learningOrchestra.mlToolKits;320;330;5;4;;1
learningOrchestra.mlToolKits;331;331;4;3;;1
learningOrchestra.mlToolKits;332;333;5;4;;1
learningOrchestra.mlToolKits;334;334;3;2;;1
learningOrchestra.mlToolKits;335;373;5;4;;1
learningOrchestra.mlToolKits;374;376;3;2;;1
learningOrchestra.mlToolKits;377;408;5;4;;1
learningOrchestra.mlToolKits;409;411;4;4;;
learningOrchestra.mlToolKits;412;441;4;4;;
learningOrchestra.mlToolKits;442;448;5;5;;
learningOrchestra.mlToolKits;449;473;4;4;;
learningOrchestra.mlToolKits;475;532;4;4;;
learningOrchestra.mlToolKits;533;556;5;5;;
learningOrchestra.mlToolKits;557;557;5;6;1;
learningOrchestra.mlToolKits;558;592;6;6;;
learningOrchestra.mlToolKits;593;617;7;7;;
learningOrchestra.mlToolKits;618;768;7;7;;
learningOrchestra.mlToolKits;769;796;7;7;;
learningOrchestra.mlToolKits;797;797;7;7;;
learningOrchestra.mlToolKits;798;799;7;7;;
learningOrchestra.mlToolKits;800;800;7;7;;
learningOrchestra.mlToolKits;801;809;7;7;;
learningOrchestra.mlToolKits;810;812;7;7;;
learningOrchestra.mlToolKits;813;891;7;7;;
learningOrchestra.mlToolKits;892;946;8;8;;
learningOrchestra.mlToolKits;947;972;9;9;;
learningOrchestra.mlToolKits;973;985;6;6;;
learningOrchestra.mlToolKits;986;987;7;7;;
learningOrchestra.mlToolKits;988;999;6;6;;
learningOrchestra.mlToolKits;1000;1007;8;8;;
learningOrchestra.mlToolKits;1008;1008;9;9;;
learningOrchestra.mlToolKits;1009;1068;9;9;;
learningOrchestra.mlToolKits;1069;1069;9;9;;
learningOrchestra.mlToolKits;1070;1070;9;9;;
learningOrchestra.mlToolKits;1071;1211;9;9;;
learningOrchestra.mlToolKits;1212;1214;10;9;;1
microsoft.dotnet-podcasts;7;434;5;5;;
microsoft.dotnet-podcasts;435;511;5;5;;
microsoft.dotnet-podcasts;512;513;5;5;;
microsoft.dotnet-podcasts;514;514;5;5;;
microsoft.dotnet-podcasts;515;520;5;5;;
microsoft.dotnet-podcasts;521;521;5;5;;
microsoft.dotnet-podcasts;522;523;5;5;;
microsoft.dotnet-podcasts;524;524;5;5;;
microsoft.dotnet-podcasts;525;526;5;5;;
microsoft.dotnet-podcasts;527;527;5;5;;
microsoft.dotnet-podcasts;528;531;5;5;;
microsoft.dotnet-podcasts;532;545;5;5;;
microsoft.dotnet-podcasts;546;728;5;5;;
open-telemetry.opentelemetry-demo;22;29;11;9;;2
open-telemetry.opentelemetry-demo;30;35;11;9;;2
open-telemetry.opentelemetry-demo;36;36;11;9;;2
open-telemetry.opentelemetry-demo;37;37;11;9;;2
open-telemetry.opentelemetry-demo;38;49;11;9;;2
open-telemetry.opentelemetry-demo;50;50;11;9;;2
open-telemetry.opentelemetry-demo;51;51;11;9;;2
open-telemetry.opentelemetry-demo;52;52;11;9;;2
open-telemetry.opentelemetry-demo;53;60;11;9;;2
open-telemetry.opentelemetry-demo;61;66;12;10;;2
open-telemetry.opentelemetry-demo;67;76;12;10;;2
open-telemetry.opentelemetry-demo;77;90;12;10;;2
open-telemetry.opentelemetry-demo;91;91;12;10;;2
open-telemetry.opentelemetry-demo;92;121;12;10;;2
open-telemetry.opentelemetry-demo;122;143;12;10;;2
open-telemetry.opentelemetry-demo;144;187;13;10;;3
open-telemetry.opentelemetry-demo;188;220;14;11;;3
open-telemetry.opentelemetry-demo;221;271;15;11;;4
open-telemetry.opentelemetry-demo;272;275;15;11;;4
open-telemetry.opentelemetry-demo;276;307;15;11;;4
open-telemetry.opentelemetry-demo;308;317;15;11;;4
open-telemetry.opentelemetry-demo;318;325;15;11;;4
open-telemetry.opentelemetry-demo;326;329;17;13;;4
open-telemetry.opentelemetry-demo;330;382;18;13;;5
open-telemetry.opentelemetry-demo;383;472;18;13;;5
open-telemetry.opentelemetry-demo;473;495;17;13;;4
open-telemetry.opentelemetry-demo;496;512;18;13;;5
open-telemetry.opentelemetry-demo;513;540;19;13;;6
open-telemetry.opentelemetry-demo;541;588;18;13;;5
open-telemetry.opentelemetry-demo;589;597;18;13;;5
open-telemetry.opentelemetry-demo;598;687;17;13;;4
open-telemetry.opentelemetry-demo;688;694;17;13;;4
open-telemetry.opentelemetry-demo;695;697;17;13;;4
vietnam-devs.coolstore-microservices;441;441;2;6;5;1
vietnam-devs.coolstore-microservices;442;442;5;6;3;2
vietnam-devs.coolstore-microservices;443;446;6;6;2;2
vietnam-devs.coolstore-microservices;447;453;5;6;3;2
vietnam-devs.coolstore-microservices;454;455;7;6;1;2
vietnam-devs.coolstore-microservices;456;462;6;6;2;2
vietnam-devs.coolstore-microservices;463;472;7;6;1;2
vietnam-devs.coolstore-microservices;473;473;9;6;1;4
vietnam-devs.coolstore-microservices;474;474;7;6;1;2
vietnam-devs.coolstore-microservices;475;478;9;6;1;4
vietnam-devs.coolstore-microservices;479;479;7;6;1;2
vietnam-devs.coolstore-microservices;480;484;9;6;1;4
vietnam-devs.coolstore-microservices;485;485;9;6;1;4
vietnam-devs.coolstore-microservices;486;488;9;6;1;4
vietnam-devs.coolstore-microservices;489;491;9;6;1;4
vietnam-devs.coolstore-microservices;493;495;9;6;1;4
vietnam-devs.coolstore-microservices;496;497;9;6;1;4
vietnam-devs.coolstore-microservices;498;498;9;6;1;4
vietnam-devs.coolstore-microservices;499;499;9;6;1;4
vietnam-devs.coolstore-microservices;500;501;9;6;1;4
vietnam-devs.coolstore-microservices;502;513;10;6;1;5
vietnam-devs.coolstore-microservices;514;521;10;6;1;5
vietnam-devs.coolstore-microservices;522;529;10;6;1;5
vietnam-devs.coolstore-microservices;530;533;9;5;1;5
vietnam-devs.coolstore-microservices;534;534;9;5;1;5
vietnam-devs.coolstore-microservices;535;535;10;6;1;5
vietnam-devs.coolstore-microservices;536;562;10;6;1;5
vietnam-devs.coolstore-microservices;563;565;10;6;1;5
vietnam-devs.coolstore-microservices;566;570;10;6;1;5
vietnam-devs.coolstore-microservices;571;572;4;5;3;2
vietnam-devs.coolstore-microservices;573;573;5;5;2;2
vietnam-devs.coolstore-microservices;574;574;5;5;2;2
vietnam-devs.coolstore-microservices;575;575;4;5;3;2
vietnam-devs.coolstore-microservices;576;583;5;5;2;2
vietnam-devs.coolstore-microservices;584;585;5;5;2;2
vietnam-devs.coolstore-microservices;586;586;6;5;1;2
vietnam-devs.coolstore-microservices;587;591;6;5;1;2
vietnam-devs.coolstore-microservices;592;598;6;5;1;2
vietnam-devs.coolstore-microservices;599;610;7;5;1;3
vietnam-devs.coolstore-microservices;611;614;7;5;1;3
vietnam-devs.coolstore-microservices;615;625;7;6;2;3
vietnam-devs.coolstore-microservices;626;626;5;8;5;2
vietnam-devs.coolstore-microservices;627;627;6;8;4;2
vietnam-devs.coolstore-microservices;628;642;6;8;4;2
vietnam-devs.coolstore-microservices;643;649;7;5;;2
vietnam-devs.coolstore-microservices;650;650;7;5;;2
vietnam-devs.coolstore-microservices;651;651;7;5;;2
vietnam-devs.coolstore-microservices;652;654;7;5;;2
vietnam-devs.coolstore-microservices;655;656;7;5;;2
vietnam-devs.coolstore-microservices;657;658;7;5;;2
vietnam-devs.coolstore-microservices;659;659;7;5;;2
vietnam-devs.coolstore-microservices;660;661;7;5;;2
vietnam-devs.coolstore-microservices;662;668;7;5;;2
vietnam-devs.coolstore-microservices;669;673;7;5;;2
vietnam-devs.coolstore-microservices;674;674;7;5;;2
vietnam-devs.coolstore-microservices;675;680;1;4;4;1